±b¸¹,±K½X
1,1234
2,1234
3,1234
4,1234
5,1234
6,1234
7,1234
8,1234
9,1234
10,1234
11,1234
12,1234
13,1234
14,1234
15,1234
16,1234
17,1234
18,1234
19,1234
20,1234
21,1234
22,1234
23,1234
24,1234
25,1234
26,1234
27,1234
28,1234
29,1234
30,1234
31,1234
32,1234
33,1234
34,1234
35,1234
36,1234
37,1234
38,1234
39,1234
40,1234
41,1234
42,1234
43,1234
44,1234
45,1234
46,1234
47,1234
48,1234
49,1234
50,1234
51,1234
52,1234
53,1234
54,1234
55,1234
56,1234
57,1234
58,1234
59,1234
60,1234
61,1234
62,1234
63,1234
64,1234
65,1234
66,1234
67,1234
68,1234
69,1234
70,1234
71,1234
72,1234
73,1234
74,1234
75,1234
76,1234
77,1234
78,1234
79,1234
80,1234
81,1234
82,1234
83,1234
84,1234
85,1234
86,1234
87,1234
88,1234
89,1234
90,1234
91,1234
92,1234
93,1234
94,1234
95,1234
96,1234
97,1234
98,1234
99,1234
100,1234
101,1234
102,1234
103,1234
104,1234
105,1234
106,1234
107,1234
108,1234
109,1234
110,1234
111,1234
112,1234
113,1234
114,1234
115,1234
116,1234
117,1234
118,1234
119,1234
120,1234
121,1234
122,1234
123,1234
124,1234
125,1234
126,1234
127,1234
128,1234
129,1234
130,1234
131,1234
132,1234
133,1234
134,1234
135,1234
136,1234
137,1234
138,1234
139,1234
140,1234
141,1234
142,1234
143,1234
144,1234
145,1234
146,1234
147,1234
148,1234
149,1234
150,1234
151,1234
152,1234
153,1234
154,1234
155,1234
156,1234
157,1234
158,1234
159,1234
160,1234
161,1234
162,1234
163,1234
164,1234
165,1234
166,1234
167,1234
168,1234
169,1234
170,1234
171,1234
172,1234
173,1234
174,1234
175,1234
176,1234
177,1234
178,1234
179,1234
180,1234
181,1234
182,1234
183,1234
184,1234
185,1234
186,1234
187,1234
188,1234
189,1234
190,1234
191,1234
192,1234
193,1234
194,1234
195,1234
196,1234
197,1234
198,1234
199,1234
200,1234
201,1234
202,1234
203,1234
204,1234
205,1234
206,1234
207,1234
208,1234
209,1234
210,1234
211,1234
212,1234
213,1234
214,1234
215,1234
216,1234
217,1234
218,1234
219,1234
220,1234
221,1234
222,1234
223,1234
224,1234
225,1234
226,1234
227,1234
228,1234
229,1234
230,1234
231,1234
232,1234
233,1234
234,1234
235,1234
236,1234
237,1234
238,1234
239,1234
240,1234
241,1234
242,1234
243,1234
244,1234
245,1234
246,1234
247,1234
248,1234
249,1234
250,1234
251,1234
252,1234
253,1234
254,1234
255,1234
256,1234
257,1234
258,1234
259,1234
260,1234
261,1234
262,1234
263,1234
264,1234
265,1234
266,1234
267,1234
268,1234
269,1234
270,1234
271,1234
272,1234
273,1234
274,1234
275,1234
276,1234
277,1234
278,1234
279,1234
280,1234
281,1234
282,1234
283,1234
284,1234
285,1234
286,1234
287,1234
288,1234
289,1234
290,1234
291,1234
292,1234
293,1234
294,1234
295,1234
296,1234
297,1234
298,1234
299,1234
300,1234
301,1234
302,1234
303,1234
304,1234
305,1234
306,1234
307,1234
308,1234
309,1234
310,1234
311,1234
312,1234
313,1234
314,1234
315,1234
316,1234
317,1234
318,1234
319,1234
320,1234
321,1234
322,1234
323,1234
324,1234
325,1234
326,1234
327,1234
328,1234
329,1234
330,1234
331,1234
332,1234
333,1234
334,1234
335,1234
336,1234
337,1234
338,1234
339,1234
340,1234
341,1234
342,1234
343,1234
344,1234
345,1234
346,1234
347,1234
348,1234
349,1234
350,1234
351,1234
352,1234
353,1234
354,1234
355,1234
356,1234
357,1234
358,1234
359,1234
360,1234
361,1234
362,1234
363,1234
364,1234
365,1234
366,1234
367,1234
368,1234
369,1234
370,1234
371,1234
372,1234
373,1234
374,1234
375,1234
376,1234
377,1234
378,1234
379,1234
380,1234
381,1234
382,1234
383,1234
384,1234
385,1234
386,1234
387,1234
388,1234
389,1234
390,1234
391,1234
392,1234
393,1234
394,1234
395,1234
396,1234
397,1234
398,1234
399,1234
400,1234
401,1234
402,1234
403,1234
404,1234
405,1234
406,1234
407,1234
408,1234
409,1234
410,1234
411,1234
412,1234
413,1234
414,1234
415,1234
416,1234
417,1234
418,1234
419,1234
420,1234
421,1234
422,1234
423,1234
424,1234
425,1234
426,1234
427,1234
428,1234
429,1234
430,1234
431,1234
432,1234
433,1234
434,1234
435,1234
436,1234
437,1234
438,1234
439,1234
440,1234
441,1234
442,1234
443,1234
444,1234
445,1234
446,1234
447,1234
448,1234
449,1234
450,1234
451,1234
452,1234
453,1234
454,1234
455,1234
456,1234
457,1234
458,1234
459,1234
460,1234
461,1234
462,1234
463,1234
464,1234
465,1234
466,1234
467,1234
468,1234
469,1234
470,1234
471,1234
472,1234
473,1234
474,1234
475,1234
476,1234
477,1234
478,1234
479,1234
480,1234
481,1234
482,1234
483,1234
484,1234
485,1234
486,1234
487,1234
488,1234
489,1234
490,1234
491,1234
492,1234
493,1234
494,1234
495,1234
496,1234
497,1234
498,1234
499,1234
500,1234
1120001,1234
1120002,1234
1120003,1234
1120004,1234
1120005,1234
1120006,1234
1120007,1234
1120008,1234
1120009,1234
1120010,1234
1120011,1234
1120012,1234
1120013,1234
1120014,1234
1120015,1234
1120016,1234
1120017,1234
1120018,1234
1120019,1234
1120020,1234
1120021,1234
1120022,1234
1120023,1234
1120024,1234
1120025,1234
1120026,1234
1120027,1234
1120028,1234
1120029,1234
1120030,1234
1120031,1234
1120032,1234
1120033,1234
1120034,1234
1120035,1234
1120036,1234
1120037,1234
1120038,1234
1120039,1234
1120040,1234
1120041,1234
1120042,1234
1120043,1234
1120044,1234
1120045,1234
1120046,1234
1120047,1234
1120048,1234
1120049,1234
1120050,1234
1120051,1234
1120052,1234
1120053,1234
1120054,1234
1120055,1234
1120056,1234
1120057,1234
1120058,1234
1120059,1234
1120060,1234
1120061,1234
1120062,1234
1120063,1234
1120064,1234
1120065,1234
1120066,1234
1120067,1234
1120068,1234
1120069,1234
1120070,1234
1120071,1234
1120072,1234
1120073,1234
1120074,1234
1120075,1234
1120076,1234
1120077,1234
1120078,1234
1120079,1234
1120080,1234
1120081,1234
1120082,1234
1120083,1234
1120084,1234
1120085,1234
1120086,1234
1120087,1234
1120088,1234
1120089,1234
1120090,1234
1120091,1234
1120092,1234
1120093,1234
1120094,1234
1120095,1234
1120096,1234
1120097,1234
1120098,1234
1120099,1234
1120100,1234
1120101,1234
1120102,1234
1120103,1234
1120104,1234
1120105,1234
1120106,1234
1120107,1234
1120108,1234
1120109,1234
1120110,1234
1120111,1234
1120112,1234
1120113,1234
1120114,1234
1120115,1234
1120116,1234
1120117,1234
1120118,1234
1120119,1234
1120120,1234
1120121,1234
1120122,1234
1120123,1234
1120124,1234
1120125,1234
1120126,1234
1120127,1234
1120128,1234
1120129,1234
1120130,1234
1120131,1234
1120132,1234
1120133,1234
1120134,1234
1120135,1234
1120136,1234
1120137,1234
1120138,1234
1120139,1234
1120140,1234
1120141,1234
1120142,1234
1120143,1234
1120144,1234
1120145,1234
1120146,1234
1120147,1234
1120148,1234
1120149,1234
1120150,1234
1120151,1234
1120152,1234
1120153,1234
1120154,1234
1120155,1234
1120156,1234
1120157,1234
1120158,1234
1120159,1234
1120160,1234
1120161,1234
1120162,1234
1120163,1234
1120164,1234
1120165,1234
1120166,1234
1120167,1234
1120168,1234
1120169,1234
1120170,1234
1120171,1234
1120172,1234
1120173,1234
1120174,1234
1120175,1234
1120176,1234
1120177,1234
1120178,1234
1120179,1234
1120180,1234
1120181,1234
1120182,1234
1120183,1234
1120184,1234
1120185,1234
1120186,1234
1120187,1234
1120188,1234
1120189,1234
1120190,1234
1120191,1234
1120192,1234
1120193,1234
1120194,1234
1120195,1234
1120196,1234
1120197,1234
1120198,1234
1120199,1234
1120200,1234
1120201,1234
1120202,1234
1120203,1234
1120204,1234
1120205,1234
1120206,1234
1120207,1234
1120208,1234
1120209,1234
1120210,1234
1120211,1234
1120212,1234
1120213,1234
1120214,1234
1120215,1234
1120216,1234
1120217,1234
1120218,1234
1120219,1234
1120220,1234
1120221,1234
1120222,1234
1120223,1234
1120224,1234
1120225,1234
1120226,1234
1120227,1234
1120228,1234
1120229,1234
1120230,1234
1120231,1234
1120232,1234
1120233,1234
1120234,1234
1120235,1234
1120236,1234
1120237,1234
1120238,1234
1120239,1234
1120240,1234
1120241,1234
1120242,1234
1120243,1234
1120244,1234
1120245,1234
1120246,1234
1120247,1234
1120248,1234
1120249,1234
1120250,1234
1120251,1234
1120252,1234
1120253,1234
1120254,1234
1120255,1234
1120256,1234
1120257,1234
1120258,1234
1120259,1234
1120260,1234
1120261,1234
1120262,1234
1120263,1234
1120264,1234
1120265,1234
1120266,1234
1120267,1234
1120268,1234
1120269,1234
1120270,1234
1120271,1234
1120272,1234
1120273,1234
1120274,1234
1120275,1234
1120276,1234
1120277,1234
1120278,1234
1120279,1234
1120280,1234
1120281,1234
1120282,1234
1120283,1234
1120284,1234
1120285,1234
1120286,1234
1120287,1234
1120288,1234
1120289,1234
1120290,1234
1120291,1234
1120292,1234
1120293,1234
1120294,1234
1120295,1234
1120296,1234
1120297,1234
1120298,1234
1120299,1234
1120300,1234
1120301,1234
1120302,1234
1120303,1234
1120304,1234
1120305,1234
1120306,1234
1120307,1234
1120308,1234
1120309,1234
1120310,1234
1120311,1234
1120312,1234
1120313,1234
1120314,1234
1120315,1234
1120316,1234
1120317,1234
1120318,1234
1120319,1234
1120320,1234
1120321,1234
1120322,1234
1120323,1234
1120324,1234
1120325,1234
1120326,1234
1120327,1234
1120328,1234
1120329,1234
1120330,1234
1120331,1234
1120332,1234
1120333,1234
1120334,1234
1120335,1234
1120336,1234
1120337,1234
1120338,1234
1120339,1234
1120340,1234
1120341,1234
1120342,1234
1120343,1234
1120344,1234
1120345,1234
1120346,1234
1120347,1234
1120348,1234
1120349,1234
1120350,1234
1120351,1234
1120352,1234
1120353,1234
1120354,1234
1120355,1234
1120356,1234
1120357,1234
1120358,1234
1120359,1234
1120360,1234
1120361,1234
1120362,1234
1120363,1234
1120364,1234
1120365,1234
1120366,1234
1120367,1234
1120368,1234
1120369,1234
1120370,1234
1120371,1234
1120372,1234
1120373,1234
1120374,1234
1120375,1234
1120376,1234
1120377,1234
1120378,1234
1120379,1234
1120380,1234
1120381,1234
1120382,1234
1120383,1234
1120384,1234
1120385,1234
1120386,1234
1120387,1234
1120388,1234
1120389,1234
1120390,1234
1120391,1234
1120392,1234
1120393,1234
1120394,1234
1120395,1234
1120396,1234
1120397,1234
1120398,1234
1120399,1234
1120400,1234
1120401,1234
1120402,1234
1120403,1234
1120404,1234
1120405,1234
1120406,1234
1120407,1234
1120408,1234
1120409,1234
1120410,1234
1120411,1234
1120412,1234
1120413,1234
1120414,1234
1120415,1234
1120416,1234
1120417,1234
1120418,1234
1120419,1234
1120420,1234
1120421,1234
1120422,1234
1120423,1234
1120424,1234
1120425,1234
1120426,1234
1120427,1234
1120428,1234
1120429,1234
1120430,1234
1120431,1234
1120432,1234
1120433,1234
1120434,1234
1120435,1234
1120436,1234
1120437,1234
1120438,1234
1120439,1234
1120440,1234
1120441,1234
1120442,1234
1120443,1234
1120444,1234
1120445,1234
1120446,1234
1120447,1234
1120448,1234
1120449,1234
1120450,1234
1120451,1234
1120452,1234
1120453,1234
1120454,1234
1120455,1234
1120456,1234
1120457,1234
1120458,1234
1120459,1234
1120460,1234
1120461,1234
1120462,1234
1120463,1234
1120464,1234
1120465,1234
1120466,1234
1120467,1234
1120468,1234
1120469,1234
1120470,1234
1120471,1234
1120472,1234
1120473,1234
1120474,1234
1120475,1234
1120476,1234
1120477,1234
1120478,1234
1120479,1234
1120480,1234
1120481,1234
1120482,1234
1120483,1234
1120484,1234
1120485,1234
1120486,1234
1120487,1234
1120488,1234
1120489,1234
1120490,1234
1120491,1234
1120492,1234
1120493,1234
1120494,1234
1120495,1234
1120496,1234
1120497,1234
1120498,1234
1120499,1234
1120500,1234
1120501,1234
1120502,1234
1120503,1234
1120504,1234
1120505,1234
1120506,1234
1120507,1234
1120508,1234
1120509,1234
1120510,1234
1120511,1234
1120512,1234
1120513,1234
1120514,1234
1120515,1234
1120516,1234
1120517,1234
1120518,1234
1120519,1234
1120520,1234
1120521,1234
1120522,1234
1120523,1234
1120524,1234
1120525,1234
1120526,1234
1120527,1234
1120528,1234
1120529,1234
1120530,1234
1120531,1234
1120532,1234
1120533,1234
1120534,1234
1120535,1234
1120536,1234
1120537,1234
1120538,1234
1120539,1234
1120540,1234
1120541,1234
1120542,1234
1120543,1234
1120544,1234
1120545,1234
1120546,1234
1120547,1234
1120548,1234
1120549,1234
1120550,1234
1120551,1234
1120552,1234
1120553,1234
1120554,1234
1120555,1234
1120556,1234
1120557,1234
1120558,1234
1120559,1234
1120560,1234
1120561,1234
1120562,1234
1120563,1234
1120564,1234
1120565,1234
1120566,1234
1120567,1234
1120568,1234
1120569,1234
1120570,1234
1120571,1234
1120572,1234
1120573,1234
1120574,1234
1120575,1234
1120576,1234
1120577,1234
1120578,1234
1120579,1234
1120580,1234
1120581,1234
1120582,1234
1120583,1234
1120584,1234
1120585,1234
1120586,1234
1120587,1234
1120588,1234
1120589,1234
1120590,1234
1120591,1234
1120592,1234
1120593,1234
1120594,1234
1120595,1234
1120596,1234
1120597,1234
1120598,1234
1120599,1234
1120600,1234
1120601,1234
1120602,1234
1120603,1234
1120604,1234
1120605,1234
1120606,1234
1120607,1234
1120608,1234
1120609,1234
1120610,1234
1120611,1234
1120612,1234
1120613,1234
1120614,1234
1120615,1234
1120616,1234
1120617,1234
1120618,1234
1120619,1234
1120620,1234
1120621,1234
1120622,1234
1120623,1234
1120624,1234
1120625,1234
1120626,1234
1120627,1234
1120628,1234
1120629,1234
1120630,1234
1120631,1234
1120632,1234
1120633,1234
1120634,1234
1120635,1234
1120636,1234
1120637,1234
1120638,1234
1120639,1234
1120640,1234
1120641,1234
1120642,1234
1120643,1234
1120644,1234
1120645,1234
1120646,1234
1120647,1234
1120648,1234
1120649,1234
1120650,1234
1120651,1234
1120652,1234
1120653,1234
1120654,1234
1120655,1234
1120656,1234
1120657,1234
1120658,1234
1120659,1234
1120660,1234
1120661,1234
1120662,1234
1120663,1234
1120664,1234
1120665,1234
1120666,1234
1120667,1234
1120668,1234
1120669,1234
1120670,1234
1120671,1234
1120672,1234
1120673,1234
1120674,1234
1120675,1234
1120676,1234
1120677,1234
1120678,1234
1120679,1234
1120680,1234
1120681,1234
1120682,1234
1120683,1234
1120684,1234
1120685,1234
1120686,1234
1120687,1234
1120688,1234
1120689,1234
1120690,1234
1120691,1234
1120692,1234
1120693,1234
1120694,1234
1120695,1234
1120696,1234
1120697,1234
1120698,1234
1120699,1234
1120700,1234
1120701,1234
1120702,1234
1120703,1234
1120704,1234
1120705,1234
1120706,1234
1120707,1234
1120708,1234
1120709,1234
1120710,1234
1120711,1234
1120712,1234
1120713,1234
1120714,1234
1120715,1234
1120716,1234
1120717,1234
1120718,1234
1120719,1234
1120720,1234
1120721,1234
1120722,1234
1120723,1234
1120724,1234
1120725,1234
1120726,1234
1120727,1234
1120728,1234
1120729,1234
1120730,1234
1120731,1234
1120732,1234
1120733,1234
1120734,1234
1120735,1234
1120736,1234
1120737,1234
1120738,1234
1120739,1234
1120740,1234
1120741,1234
1120742,1234
1120743,1234
1120744,1234
1120745,1234
1120746,1234
1120747,1234
1120748,1234
1120749,1234
1120750,1234
1120751,1234
1120752,1234
1120753,1234
1120754,1234
1120755,1234
1120756,1234
1120757,1234
1120758,1234
1120759,1234
1120760,1234
1120761,1234
1120762,1234
1120763,1234
1120764,1234
1120765,1234
1120766,1234
1120767,1234
1120768,1234
1120769,1234
1120770,1234
1120771,1234
1120772,1234
1120773,1234
1120774,1234
1120775,1234
1120776,1234
1120777,1234
1120778,1234
1120779,1234
1120780,1234
1120781,1234
1120782,1234
1120783,1234
1120784,1234
1120785,1234
1120786,1234
1120787,1234
1120788,1234
1120789,1234
1120790,1234
1120791,1234
1120792,1234
1120793,1234
1120794,1234
1120795,1234
1120796,1234
1120797,1234
1120798,1234
1120799,1234
1120800,1234
1120801,1234
1120802,1234
1120803,1234
1120804,1234
1120805,1234
1120806,1234
1120807,1234
1120808,1234
1120809,1234
1120810,1234
1120811,1234
1120812,1234
1120813,1234
1120814,1234
1120815,1234
1120816,1234
1120817,1234
1120818,1234
1120819,1234
1120820,1234
1120821,1234
1120822,1234
1120823,1234
1120824,1234
1120825,1234
1120826,1234
1120827,1234
1120828,1234
1120829,1234
1120830,1234
1120831,1234
1120832,1234
1120833,1234
1120834,1234
1120835,1234
1120836,1234
1120837,1234
1120838,1234
1120839,1234
1120840,1234
1120841,1234
1120842,1234
1120843,1234
1120844,1234
1120845,1234
1120846,1234
1120847,1234
1120848,1234
1120849,1234
1120850,1234
1120851,1234
1120852,1234
1120853,1234
1120854,1234
1120855,1234
1120856,1234
1120857,1234
1120858,1234
1120859,1234
1120860,1234
1120861,1234
1120862,1234
1120863,1234
1120864,1234
1120865,1234
1120866,1234
1120867,1234
1120868,1234
1120869,1234
1120870,1234
1120871,1234
1120872,1234
1120873,1234
1120874,1234
1120875,1234
1120876,1234
1120877,1234
1120878,1234
1120879,1234
1120880,1234
1120881,1234
1120882,1234
1120883,1234
1120884,1234
1120885,1234
1120886,1234
1120887,1234
1120888,1234
1120889,1234
1120890,1234
1120891,1234
1120892,1234
1120893,1234
1120894,1234
1120895,1234
1120896,1234
1120897,1234
1120898,1234
1120899,1234
1120900,1234
1120901,1234
1120902,1234
1120903,1234
1120904,1234
1120905,1234
1120906,1234
1120907,1234
1120908,1234
1120909,1234
1120910,1234
1120911,1234
1120912,1234
1120913,1234
1120914,1234
1120915,1234
1120916,1234
1120917,1234
1120918,1234
1120919,1234
1120920,1234
1120921,1234
1120922,1234
1120923,1234
1120924,1234
1120925,1234
1120926,1234
1120927,1234
1120928,1234
1120929,1234
1120930,1234
1120931,1234
1120932,1234
1120933,1234
1120934,1234
1120935,1234
1120936,1234
1120937,1234
1120938,1234
1120939,1234
1120940,1234
1120941,1234
1120942,1234
1120943,1234
1120944,1234
1120945,1234
1120946,1234
1120947,1234
1120948,1234
1120949,1234
1120950,1234
1120951,1234
1120952,1234
1120953,1234
1120954,1234
1120955,1234
1120956,1234
1120957,1234
1120958,1234
1120959,1234
1120960,1234
1120961,1234
1120962,1234
1120963,1234
1120964,1234
1120965,1234
1120966,1234
1120967,1234
1120968,1234
1120969,1234
1120970,1234
1120971,1234
1120972,1234
1120973,1234
1120974,1234
1120975,1234
1120976,1234
1120977,1234
1120978,1234
1120979,1234
1120980,1234
1120981,1234
1120982,1234
1120983,1234
1120984,1234
1120985,1234
1120986,1234
1120987,1234
1120988,1234
1120989,1234
1120990,1234
1120991,1234
1120992,1234
1120993,1234
1120994,1234
1120995,1234
1120996,1234
1120997,1234
1120998,1234
1120999,1234
1121000,1234
1121001,1234
1121002,1234
1121003,1234
1121004,1234
1121005,1234
1121006,1234
1121007,1234
1121008,1234
1121009,1234
1121010,1234
1121011,1234
1121012,1234
1121013,1234
1121014,1234
1121015,1234
1121016,1234
1121017,1234
1121018,1234
1121019,1234
1121020,1234
1121021,1234
1121022,1234
1121023,1234
1121024,1234
1121025,1234
1121026,1234
1121027,1234
1121028,1234
1121029,1234
1121030,1234
1121031,1234
1121032,1234
1121033,1234
1121034,1234
1121035,1234
1121036,1234
1121037,1234
1121038,1234
1121039,1234
1121040,1234
1121041,1234
1121042,1234
1121043,1234
1121044,1234
1121045,1234
1121046,1234
1121047,1234
1121048,1234
1121049,1234
1121050,1234
1121051,1234
1121052,1234
1121053,1234
1121054,1234
1121055,1234
1121056,1234
1121057,1234
1121058,1234
1121059,1234
1121060,1234
1121061,1234
1121062,1234
1121063,1234
1121064,1234
1121065,1234
1121066,1234
1121067,1234
1121068,1234
1121069,1234
1121070,1234
1121071,1234
1121072,1234
1121073,1234
1121074,1234
1121075,1234
1121076,1234
1121077,1234
1121078,1234
1121079,1234
1121080,1234
1121081,1234
1121082,1234
1121083,1234
1121084,1234
1121085,1234
1121086,1234
1121087,1234
1121088,1234
1121089,1234
1121090,1234
1121091,1234
1121092,1234
1121093,1234
1121094,1234
1121095,1234
1121096,1234
1121097,1234
1121098,1234
1121099,1234
1121100,1234
1121101,1234
1121102,1234
1121103,1234
1121104,1234
1121105,1234
1121106,1234
1121107,1234
1121108,1234
1121109,1234
1121110,1234
1121111,1234
1121112,1234
1121113,1234
1121114,1234
1121115,1234
1121116,1234
1121117,1234
1121118,1234
1121119,1234
1121120,1234
1121121,1234
1121122,1234
1121123,1234
1121124,1234
1121125,1234
1121126,1234
1121127,1234
1121128,1234
1121129,1234
1121130,1234
1121131,1234
1121132,1234
1121133,1234
1121134,1234
1121135,1234
1121136,1234
1121137,1234
1121138,1234
1121139,1234
1121140,1234
1121141,1234
1121142,1234
1121143,1234
1121144,1234
1121145,1234
1121146,1234
1121147,1234
1121148,1234
1121149,1234
1121150,1234
1121151,1234
1121152,1234
1121153,1234
1121154,1234
1121155,1234
1121156,1234
1121157,1234
1121158,1234
1121159,1234
1121160,1234
1121161,1234
1121162,1234
1121163,1234
1121164,1234
1121165,1234
1121166,1234
1121167,1234
1121168,1234
1121169,1234
1121170,1234
1121171,1234
1121172,1234
1121173,1234
1121174,1234
1121175,1234
1121176,1234
1121177,1234
1121178,1234
1121179,1234
1121180,1234
1121181,1234
1121182,1234
1121183,1234
1121184,1234
1121185,1234
1121186,1234
1121187,1234
1121188,1234
1121189,1234
1121190,1234
1121191,1234
1121192,1234
1121193,1234
1121194,1234
1121195,1234
1121196,1234
1121197,1234
1121198,1234
1121199,1234
1121200,1234
1121201,1234
1121202,1234
1121203,1234
1121204,1234
1121205,1234
1121206,1234
1121207,1234
1121208,1234
1121209,1234
1121210,1234
1121211,1234
1121212,1234
1121213,1234
1121214,1234
1121215,1234
1121216,1234
1121217,1234
1121218,1234
1121219,1234
1121220,1234
1121221,1234
1121222,1234
1121223,1234
1121224,1234
1121225,1234
1121226,1234
1121227,1234
1121228,1234
1121229,1234
1121230,1234
1121231,1234
1121232,1234
1121233,1234
1121234,1234
1121235,1234
1121236,1234
1121237,1234
1121238,1234
1121239,1234
1121240,1234
1121241,1234
1121242,1234
1121243,1234
1121244,1234
1121245,1234
1121246,1234
1121247,1234
1121248,1234
1121249,1234
1121250,1234
1121251,1234
1121252,1234
1121253,1234
1121254,1234
1121255,1234
1121256,1234
1121257,1234
1121258,1234
1121259,1234
1121260,1234
1121261,1234
1121262,1234
1121263,1234
1121264,1234
1121265,1234
1121266,1234
1121267,1234
1121268,1234
1121269,1234
1121270,1234
1121271,1234
1121272,1234
1121273,1234
1121274,1234
1121275,1234
1121276,1234
1121277,1234
1121278,1234
1121279,1234
1121280,1234
1121281,1234
1121282,1234
1121283,1234
1121284,1234
1121285,1234
1121286,1234
1121287,1234
1121288,1234
1121289,1234
1121290,1234
1121291,1234
1121292,1234
1121293,1234
1121294,1234
1121295,1234
1121296,1234
1121297,1234
1121298,1234
1121299,1234
1121300,1234
1121301,1234
1121302,1234
1121303,1234
1121304,1234
1121305,1234
1121306,1234
1121307,1234
1121308,1234
1121309,1234
1121310,1234
1121311,1234
1121312,1234
1121313,1234
1121314,1234
1121315,1234
1121316,1234
1121317,1234
1121318,1234
1121319,1234
1121320,1234
1121321,1234
1121322,1234
1121323,1234
1121324,1234
1121325,1234
1121326,1234
1121327,1234
1121328,1234
1121329,1234
1121330,1234
1121331,1234
1121332,1234
1121333,1234
1121334,1234
1121335,1234
1121336,1234
1121337,1234
1121338,1234
1121339,1234
1121340,1234
1121341,1234
1121342,1234
1121343,1234
1121344,1234
1121345,1234
1121346,1234
1121347,1234
1121348,1234
1121349,1234
1121350,1234
1121351,1234
1121352,1234
1121353,1234
1121354,1234
1121355,1234
1121356,1234
1121357,1234
1121358,1234
1121359,1234
1121360,1234
1121361,1234
1121362,1234
1121363,1234
1121364,1234
1121365,1234
1121366,1234
1121367,1234
1121368,1234
1121369,1234
1121370,1234
1121371,1234
1121372,1234
1121373,1234
1121374,1234
1121375,1234
1121376,1234
1121377,1234
1121378,1234
1121379,1234
1121380,1234
1121381,1234
1121382,1234
1121383,1234
1121384,1234
1121385,1234
1121386,1234
1121387,1234
1121388,1234
1121389,1234
1121390,1234
1121391,1234
1121392,1234
1121393,1234
1121394,1234
1121395,1234
1121396,1234
1121397,1234
1121398,1234
1121399,1234
1121400,1234
1121401,1234
1121402,1234
1121403,1234
1121404,1234
1121405,1234
1121406,1234
1121407,1234
1121408,1234
1121409,1234
1121410,1234
1121411,1234
1121412,1234
1121413,1234
1121414,1234
1121415,1234
1121416,1234
1121417,1234
1121418,1234
1121419,1234
1121420,1234
1121421,1234
1121422,1234
1121423,1234
1121424,1234
1121425,1234
1121426,1234
1121427,1234
1121428,1234
1121429,1234
1121430,1234
1121431,1234
1121432,1234
1121433,1234
1121434,1234
1121435,1234
1121436,1234
1121437,1234
1121438,1234
1121439,1234
1121440,1234
1121441,1234
1121442,1234
1121443,1234
1121444,1234
1121445,1234
1121446,1234
1121447,1234
1121448,1234
1121449,1234
1121450,1234
1121451,1234
1121452,1234
1121453,1234
1121454,1234
1121455,1234
1121456,1234
1121457,1234
1121458,1234
1121459,1234
1121460,1234
1121461,1234
1121462,1234
1121463,1234
1121464,1234
1121465,1234
1121466,1234
1121467,1234
1121468,1234
1121469,1234
1121470,1234
1121471,1234
1121472,1234
1121473,1234
1121474,1234
1121475,1234
1121476,1234
1121477,1234
1121478,1234
1121479,1234
1121480,1234
1121481,1234
1121482,1234
1121483,1234
1121484,1234
1121485,1234
1121486,1234
1121487,1234
1121488,1234
1121489,1234
1121490,1234
1121491,1234
1121492,1234
1121493,1234
1121494,1234
1121495,1234
1121496,1234
1121497,1234
1121498,1234
1121499,1234
1121500,1234
1121501,1234
1121502,1234
1121503,1234
1121504,1234
1121505,1234
1121506,1234
1121507,1234
1121508,1234
1121509,1234
1121510,1234
1121511,1234
1121512,1234
1121513,1234
1121514,1234
1121515,1234
1121516,1234
1121517,1234
1121518,1234
1121519,1234
1121520,1234
1121521,1234
1121522,1234
1121523,1234
1121524,1234
1121525,1234
1121526,1234
1121527,1234
1121528,1234
1121529,1234
1121530,1234
1121531,1234
1121532,1234
1121533,1234
1121534,1234
1121535,1234
1121536,1234
1121537,1234
1121538,1234
1121539,1234
1121540,1234
1121541,1234
1121542,1234
1121543,1234
1121544,1234
1121545,1234
1121546,1234
1121547,1234
1121548,1234
1121549,1234
1121550,1234
1121551,1234
1121552,1234
1121553,1234
1121554,1234
1121555,1234
1121556,1234
1121557,1234
1121558,1234
1121559,1234
1121560,1234
1121561,1234
1121562,1234
1121563,1234
1121564,1234
1121565,1234
1121566,1234
1121567,1234
1121568,1234
1121569,1234
1121570,1234
1121571,1234
1121572,1234
1121573,1234
1121574,1234
1121575,1234
1121576,1234
1121577,1234
1121578,1234
1121579,1234
1121580,1234
1121581,1234
1121582,1234
1121583,1234
1121584,1234
1121585,1234
1121586,1234
1121587,1234
1121588,1234
1121589,1234
1121590,1234
1121591,1234
1121592,1234
1121593,1234
1121594,1234
1121595,1234
1121596,1234
1121597,1234
1121598,1234
1121599,1234
1121600,1234
1121601,1234
1121602,1234
1121603,1234
1121604,1234
1121605,1234
1121606,1234
1121607,1234
1121608,1234
1121609,1234
1121610,1234
1121611,1234
1121612,1234
1121613,1234
1121614,1234
1121615,1234
1121616,1234
1121617,1234
1121618,1234
1121619,1234
1121620,1234
1121621,1234
1121622,1234
1121623,1234
1121624,1234
1121625,1234
1121626,1234
1121627,1234
1121628,1234
1121629,1234
1121630,1234
1121631,1234
1121632,1234
1121633,1234
1121634,1234
1121635,1234
1121636,1234
1121637,1234
1121638,1234
1121639,1234
1121640,1234
1121641,1234
1121642,1234
1121643,1234
1121644,1234
1121645,1234
1121646,1234
1121647,1234
1121648,1234
1121649,1234
1121650,1234
1121651,1234
1121652,1234
1121653,1234
1121654,1234
1121655,1234
1121656,1234
1121657,1234
1121658,1234
1121659,1234
1121660,1234
1121661,1234
1121662,1234
1121663,1234
1121664,1234
1121665,1234
1121666,1234
1121667,1234
1121668,1234
1121669,1234
1121670,1234
1121671,1234
1121672,1234
1121673,1234
1121674,1234
1121675,1234
1121676,1234
1121677,1234
1121678,1234
1121679,1234
1121680,1234
1121681,1234
1121682,1234
1121683,1234
1121684,1234
1121685,1234
1121686,1234
1121687,1234
1121688,1234
1121689,1234
1121690,1234
1121691,1234
1121692,1234
1121693,1234
1121694,1234
1121695,1234
1121696,1234
1121697,1234
1121698,1234
1121699,1234
1121700,1234
1121701,1234
1121702,1234
1121703,1234
1121704,1234
1121705,1234
1121706,1234
1121707,1234
1121708,1234
1121709,1234
1121710,1234
1121711,1234
1121712,1234
1121713,1234
1121714,1234
1121715,1234
1121716,1234
1121717,1234
1121718,1234
1121719,1234
1121720,1234
1121721,1234
1121722,1234
1121723,1234
1121724,1234
1121725,1234
1121726,1234
1121727,1234
1121728,1234
1121729,1234
1121730,1234
1121731,1234
1121732,1234
1121733,1234
1121734,1234
1121735,1234
1121736,1234
1121737,1234
1121738,1234
1121739,1234
1121740,1234
1121741,1234
1121742,1234
1121743,1234
1121744,1234
1121745,1234
1121746,1234
1121747,1234
1121748,1234
1121749,1234
1121750,1234
1121751,1234
1121752,1234
1121753,1234
1121754,1234
1121755,1234
1121756,1234
1121757,1234
1121758,1234
1121759,1234
1121760,1234
1121761,1234
1121762,1234
1121763,1234
1121764,1234
1121765,1234
1121766,1234
1121767,1234
1121768,1234
1121769,1234
1121770,1234
1121771,1234
1121772,1234
1121773,1234
1121774,1234
1121775,1234
1121776,1234
1121777,1234
1121778,1234
1121779,1234
1121780,1234
1121781,1234
1121782,1234
1121783,1234
1121784,1234
1121785,1234
1121786,1234
1121787,1234
1121788,1234
1121789,1234
1121790,1234
1121791,1234
1121792,1234
1121793,1234
1121794,1234
1121795,1234
1121796,1234
1121797,1234
1121798,1234
1121799,1234
1121800,1234
1121801,1234
1121802,1234
1121803,1234
1121804,1234
1121805,1234
1121806,1234
1121807,1234
1121808,1234
1121809,1234
1121810,1234
1121811,1234
1121812,1234
1121813,1234
1121814,1234
1121815,1234
1121816,1234
1121817,1234
1121818,1234
1121819,1234
1121820,1234
1121821,1234
1121822,1234
1121823,1234
1121824,1234
1121825,1234
1121826,1234
1121827,1234
1121828,1234
1121829,1234
1121830,1234
1121831,1234
1121832,1234
1121833,1234
1121834,1234
1121835,1234
1121836,1234
1121837,1234
1121838,1234
1121839,1234
1121840,1234
1121841,1234
1121842,1234
1121843,1234
1121844,1234
1121845,1234
1121846,1234
1121847,1234
1121848,1234
1121849,1234
1121850,1234
1121851,1234
1121852,1234
1121853,1234
1121854,1234
1121855,1234
1121856,1234
1121857,1234
1121858,1234
1121859,1234
1121860,1234
1121861,1234
1121862,1234
1121863,1234
1121864,1234
1121865,1234
1121866,1234
1121867,1234
1121868,1234
1121869,1234
1121870,1234
1121871,1234
1121872,1234
1121873,1234
1121874,1234
1121875,1234
1121876,1234
1121877,1234
1121878,1234
1121879,1234
1121880,1234
1121881,1234
1121882,1234
1121883,1234
1121884,1234
1121885,1234
1121886,1234
1121887,1234
1121888,1234
1121889,1234
1121890,1234
1121891,1234
1121892,1234
1121893,1234
1121894,1234
1121895,1234
1121896,1234
1121897,1234
1121898,1234
1121899,1234
1121900,1234
1121901,1234
1121902,1234
1121903,1234
1121904,1234
1121905,1234
1121906,1234
1121907,1234
1121908,1234
1121909,1234
1121910,1234
1121911,1234
1121912,1234
1121913,1234
1121914,1234
1121915,1234
1121916,1234
1121917,1234
1121918,1234
1121919,1234
1121920,1234
1121921,1234
1121922,1234
1121923,1234
1121924,1234
1121925,1234
1121926,1234
1121927,1234
1121928,1234
1121929,1234
1121930,1234
1121931,1234
1121932,1234
1121933,1234
1121934,1234
1121935,1234
1121936,1234
1121937,1234
1121938,1234
1121939,1234
1121940,1234
1121941,1234
1121942,1234
1121943,1234
1121944,1234
1121945,1234
1121946,1234
1121947,1234
1121948,1234
1121949,1234
1121950,1234
1121951,1234
1121952,1234
1121953,1234
1121954,1234
1121955,1234
1121956,1234
1121957,1234
1121958,1234
1121959,1234
1121960,1234
1121961,1234
1121962,1234
1121963,1234
1121964,1234
1121965,1234
1121966,1234
1121967,1234
1121968,1234
1121969,1234
1121970,1234
1121971,1234
1121972,1234
1121973,1234
1121974,1234
1121975,1234
1121976,1234
1121977,1234
1121978,1234
1121979,1234
1121980,1234
1121981,1234
1121982,1234
1121983,1234
1121984,1234
1121985,1234
1121986,1234
1121987,1234
1121988,1234
1121989,1234
1121990,1234
1121991,1234
1121992,1234
1121993,1234
1121994,1234
1121995,1234
1121996,1234
1121997,1234
1121998,1234
1121999,1234
1122000,1234
1122001,1234
1122002,1234
1122003,1234
1122004,1234
1122005,1234
1122006,1234
1122007,1234
1122008,1234
1122009,1234
1122010,1234
1122011,1234
1122012,1234
1122013,1234
1122014,1234
1122015,1234
1122016,1234
1122017,1234
1122018,1234
1122019,1234
1122020,1234
1122021,1234
1122022,1234
1122023,1234
1122024,1234
1122025,1234
1122026,1234
1122027,1234
1122028,1234
1122029,1234
1122030,1234
1122031,1234
1122032,1234
1122033,1234
1122034,1234
1122035,1234
1122036,1234
1122037,1234
1122038,1234
1122039,1234
1122040,1234
1122041,1234
1122042,1234
1122043,1234
1122044,1234
1122045,1234
1122046,1234
1122047,1234
1122048,1234
1122049,1234
1122050,1234
1122051,1234
1122052,1234
1122053,1234
1122054,1234
1122055,1234
1122056,1234
1122057,1234
1122058,1234
1122059,1234
1122060,1234
1122061,1234
1122062,1234
1122063,1234
1122064,1234
1122065,1234
1122066,1234
1122067,1234
1122068,1234
1122069,1234
1122070,1234
1122071,1234
1122072,1234
1122073,1234
1122074,1234
1122075,1234
1122076,1234
1122077,1234
1122078,1234
1122079,1234
1122080,1234
1122081,1234
1122082,1234
1122083,1234
1122084,1234
1122085,1234
1122086,1234
1122087,1234
1122088,1234
1122089,1234
1122090,1234
1122091,1234
1122092,1234
1122093,1234
1122094,1234
1122095,1234
1122096,1234
1122097,1234
1122098,1234
1122099,1234
1122100,1234
1122101,1234
1122102,1234
1122103,1234
1122104,1234
1122105,1234
1122106,1234
1122107,1234
1122108,1234
1122109,1234
1122110,1234
1122111,1234
1122112,1234
1122113,1234
1122114,1234
1122115,1234
1122116,1234
1122117,1234
1122118,1234
1122119,1234
1122120,1234
1122121,1234
1122122,1234
1122123,1234
1122124,1234
1122125,1234
1122126,1234
1122127,1234
1122128,1234
1122129,1234
1122130,1234
1122131,1234
1122132,1234
1122133,1234
1122134,1234
1122135,1234
1122136,1234
1122137,1234
1122138,1234
1122139,1234
1122140,1234
1122141,1234
1122142,1234
1122143,1234
1122144,1234
1122145,1234
1122146,1234
1122147,1234
1122148,1234
1122149,1234
1122150,1234
1122151,1234
1122152,1234
1122153,1234
1122154,1234
1122155,1234
1122156,1234
1122157,1234
1122158,1234
1122159,1234
1122160,1234
1122161,1234
1122162,1234
1122163,1234
1122164,1234
1122165,1234
1122166,1234
1122167,1234
1122168,1234
1122169,1234
1122170,1234
1122171,1234
1122172,1234
1122173,1234
1122174,1234
1122175,1234
1122176,1234
1122177,1234
1122178,1234
1122179,1234
1122180,1234
1122181,1234
1122182,1234
1122183,1234
1122184,1234
1122185,1234
1122186,1234
1122187,1234
1122188,1234
1122189,1234
1122190,1234
1122191,1234
1122192,1234
1122193,1234
1122194,1234
1122195,1234
1122196,1234
1122197,1234
1122198,1234
1122199,1234
1122200,1234
1122201,1234
1122202,1234
1122203,1234
1122204,1234
1122205,1234
1122206,1234
1122207,1234
1122208,1234
1122209,1234
1122210,1234
1122211,1234
1122212,1234
1122213,1234
1122214,1234
1122215,1234
1122216,1234
1122217,1234
1122218,1234
1122219,1234
1122220,1234
1122221,1234
1122222,1234
1122223,1234
1122224,1234
1122225,1234
1122226,1234
1122227,1234
1122228,1234
1122229,1234
1122230,1234
1122231,1234
1122232,1234
1122233,1234
1122234,1234
1122235,1234
1122236,1234
1122237,1234
1122238,1234
1122239,1234
1122240,1234
1122241,1234
1122242,1234
1122243,1234
1122244,1234
1122245,1234
1122246,1234
1122247,1234
1122248,1234
1122249,1234
1122250,1234
1122251,1234
1122252,1234
1122253,1234
1122254,1234
1122255,1234
1122256,1234
1122257,1234
1122258,1234
1122259,1234
1122260,1234
1122261,1234
1122262,1234
1122263,1234
1122264,1234
1122265,1234
1122266,1234
1122267,1234
1122268,1234
1122269,1234
1122270,1234
1122271,1234
1122272,1234
1122273,1234
1122274,1234
1122275,1234
1122276,1234
1122277,1234
1122278,1234
1122279,1234
1122280,1234
1122281,1234
1122282,1234
1122283,1234
1122284,1234
1122285,1234
1122286,1234
1122287,1234
1122288,1234
1122289,1234
1122290,1234
1122291,1234
1122292,1234
1122293,1234
1122294,1234
1122295,1234
1122296,1234
1122297,1234
1122298,1234
1122299,1234
1122300,1234
1122301,1234
1122302,1234
1122303,1234
1122304,1234
1122305,1234
1122306,1234
1122307,1234
1122308,1234
1122309,1234
1122310,1234
1122311,1234
1122312,1234
1122313,1234
1122314,1234
1122315,1234
1122316,1234
1122317,1234
1122318,1234
1122319,1234
1122320,1234
1122321,1234
1122322,1234
1122323,1234
1122324,1234
1122325,1234
1122326,1234
1122327,1234
1122328,1234
1122329,1234
1122330,1234
1122331,1234
1122332,1234
1122333,1234
1122334,1234
1122335,1234
1122336,1234
1122337,1234
1122338,1234
1122339,1234
1122340,1234
1122341,1234
1122342,1234
1122343,1234
1122344,1234
1122345,1234
1122346,1234
1122347,1234
1122348,1234
1122349,1234
1122350,1234
1122351,1234
1122352,1234
1122353,1234
1122354,1234
1122355,1234
1122356,1234
1122357,1234
1122358,1234
1122359,1234
1122360,1234
1122361,1234
1122362,1234
1122363,1234
1122364,1234
1122365,1234
1122366,1234
1122367,1234
1122368,1234
1122369,1234
1122370,1234
1122371,1234
1122372,1234
1122373,1234
1122374,1234
1122375,1234
1122376,1234
1122377,1234
1122378,1234
1122379,1234
1122380,1234
1122381,1234
1122382,1234
1122383,1234
1122384,1234
1122385,1234
1122386,1234
1122387,1234
1122388,1234
1122389,1234
1122390,1234
1122391,1234
1122392,1234
1122393,1234
1122394,1234
1122395,1234
1122396,1234
1122397,1234
1122398,1234
1122399,1234
1122400,1234
1122401,1234
1122402,1234
1122403,1234
1122404,1234
1122405,1234
1122406,1234
1122407,1234
1122408,1234
1122409,1234
1122410,1234
1122411,1234
1122412,1234
1122413,1234
1122414,1234
1122415,1234
1122416,1234
1122417,1234
1122418,1234
1122419,1234
1122420,1234
1122421,1234
1122422,1234
1122423,1234
1122424,1234
1122425,1234
1122426,1234
1122427,1234
1122428,1234
1122429,1234
1122430,1234
1122431,1234
1122432,1234
1122433,1234
1122434,1234
1122435,1234
1122436,1234
1122437,1234
1122438,1234
1122439,1234
1122440,1234
1122441,1234
1122442,1234
1122443,1234
1122444,1234
1122445,1234
1122446,1234
1122447,1234
1122448,1234
1122449,1234
1122450,1234
1122451,1234
1122452,1234
1122453,1234
1122454,1234
1122455,1234
1122456,1234
1122457,1234
1122458,1234
1122459,1234
1122460,1234
1122461,1234
1122462,1234
1122463,1234
1122464,1234
1122465,1234
1122466,1234
1122467,1234
1122468,1234
1122469,1234
1122470,1234
1122471,1234
1122472,1234
1122473,1234
1122474,1234
1122475,1234
1122476,1234
1122477,1234
1122478,1234
1122479,1234
1122480,1234
1122481,1234
1122482,1234
1122483,1234
1122484,1234
1122485,1234
1122486,1234
1122487,1234
1122488,1234
1122489,1234
1122490,1234
1122491,1234
1122492,1234
1122493,1234
1122494,1234
1122495,1234
1122496,1234
1122497,1234
1122498,1234
1122499,1234
1122500,1234
1122501,1234
1122502,1234
1122503,1234
1122504,1234
1122505,1234
1122506,1234
1122507,1234
1122508,1234
1122509,1234
1122510,1234
1122511,1234
1122512,1234
1122513,1234
1122514,1234
1122515,1234
1122516,1234
1122517,1234
1122518,1234
1122519,1234
1122520,1234
1122521,1234
1122522,1234
1122523,1234
1122524,1234
1122525,1234
1122526,1234
1122527,1234
1122528,1234
1122529,1234
1122530,1234
1122531,1234
1122532,1234
1122533,1234
1122534,1234
1122535,1234
1122536,1234
1122537,1234
1122538,1234
1122539,1234
1122540,1234
1122541,1234
1122542,1234
1122543,1234
1122544,1234
1122545,1234
1122546,1234
1122547,1234
1122548,1234
1122549,1234
1122550,1234
1122551,1234
1122552,1234
1122553,1234
1122554,1234
1122555,1234
1122556,1234
1122557,1234
1122558,1234
1122559,1234
1122560,1234
1122561,1234
1122562,1234
1122563,1234
1122564,1234
1122565,1234
1122566,1234
1122567,1234
1122568,1234
1122569,1234
1122570,1234
1122571,1234
1122572,1234
1122573,1234
1122574,1234
1122575,1234
1122576,1234
1122577,1234
1122578,1234
1122579,1234
1122580,1234
1122581,1234
1122582,1234
1122583,1234
1122584,1234
1122585,1234
1122586,1234
1122587,1234
1122588,1234
1122589,1234
1122590,1234
1122591,1234
1122592,1234
1122593,1234
1122594,1234
1122595,1234
1122596,1234
1122597,1234
1122598,1234
1122599,1234
1122600,1234
1122601,1234
1122602,1234
1122603,1234
1122604,1234
1122605,1234
1122606,1234
1122607,1234
1122608,1234
1122609,1234
1122610,1234
1122611,1234
1122612,1234
1122613,1234
1122614,1234
1122615,1234
1122616,1234
1122617,1234
1122618,1234
1122619,1234
1122620,1234
1122621,1234
1122622,1234
1122623,1234
1122624,1234
1122625,1234
1122626,1234
1122627,1234
1122628,1234
1122629,1234
1122630,1234
1122631,1234
1122632,1234
1122633,1234
1122634,1234
1122635,1234
1122636,1234
1122637,1234
1122638,1234
1122639,1234
1122640,1234
1122641,1234
1122642,1234
1122643,1234
1122644,1234
1122645,1234
1122646,1234
1122647,1234
1122648,1234
1122649,1234
1122650,1234
1122651,1234
1122652,1234
1122653,1234
1122654,1234
1122655,1234
1122656,1234
1122657,1234
1122658,1234
1122659,1234
1122660,1234
1122661,1234
1122662,1234
1122663,1234
1122664,1234
1122665,1234
1122666,1234
1122667,1234
1122668,1234
1122669,1234
1122670,1234
1122671,1234
1122672,1234
1122673,1234
1122674,1234
1122675,1234
1122676,1234
1122677,1234
1122678,1234
1122679,1234
1122680,1234
1122681,1234
1122682,1234
1122683,1234
1122684,1234
1122685,1234
1122686,1234
1122687,1234
1122688,1234
1122689,1234
1122690,1234
1122691,1234
1122692,1234
1122693,1234
1122694,1234
1122695,1234
1122696,1234
1122697,1234
1122698,1234
1122699,1234
1122700,1234
1122701,1234
1122702,1234
1122703,1234
1122704,1234
1122705,1234
1122706,1234
1122707,1234
1122708,1234
1122709,1234
1122710,1234
1122711,1234
1122712,1234
1122713,1234
1122714,1234
1122715,1234
1122716,1234
1122717,1234
1122718,1234
1122719,1234
1122720,1234
1122721,1234
1122722,1234
1122723,1234
1122724,1234
1122725,1234
1122726,1234
1122727,1234
1122728,1234
1122729,1234
1122730,1234
1122731,1234
1122732,1234
1122733,1234
1122734,1234
1122735,1234
1122736,1234
1122737,1234
1122738,1234
1122739,1234
1122740,1234
1122741,1234
1122742,1234
1122743,1234
1122744,1234
1122745,1234
1122746,1234
1122747,1234
1122748,1234
1122749,1234
1122750,1234
1122751,1234
1122752,1234
1122753,1234
1122754,1234
1122755,1234
1122756,1234
1122757,1234
1122758,1234
1122759,1234
1122760,1234
1122761,1234
1122762,1234
1122763,1234
1122764,1234
1122765,1234
1122766,1234
1122767,1234
1122768,1234
1122769,1234
1122770,1234
1122771,1234
1122772,1234
1122773,1234
1122774,1234
1122775,1234
1122776,1234
1122777,1234
1122778,1234
1122779,1234
1122780,1234
1122781,1234
1122782,1234
1122783,1234
1122784,1234
1122785,1234
1122786,1234
1122787,1234
1122788,1234
1122789,1234
1122790,1234
1122791,1234
1122792,1234
1122793,1234
1122794,1234
1122795,1234
1122796,1234
1122797,1234
1122798,1234
1122799,1234
1122800,1234
1122801,1234
1122802,1234
1122803,1234
1122804,1234
1122805,1234
1122806,1234
1122807,1234
1122808,1234
1122809,1234
1122810,1234
1122811,1234
1122812,1234
1122813,1234
1122814,1234
1122815,1234
1122816,1234
1122817,1234
1122818,1234
1122819,1234
1122820,1234
1122821,1234
1122822,1234
1122823,1234
1122824,1234
1122825,1234
1122826,1234
1122827,1234
1122828,1234
1122829,1234
1122830,1234
1122831,1234
1122832,1234
1122833,1234
1122834,1234
1122835,1234
1122836,1234
1122837,1234
1122838,1234
1122839,1234
1122840,1234
1122841,1234
1122842,1234
1122843,1234
1122844,1234
1122845,1234
1122846,1234
1122847,1234
1122848,1234
1122849,1234
1122850,1234
1122851,1234
1122852,1234
1122853,1234
1122854,1234
1122855,1234
1122856,1234
1122857,1234
1122858,1234
1122859,1234
1122860,1234
1122861,1234
1122862,1234
1122863,1234
1122864,1234
1122865,1234
1122866,1234
1122867,1234
1122868,1234
1122869,1234
1122870,1234
1122871,1234
1122872,1234
1122873,1234
1122874,1234
1122875,1234
1122876,1234
1122877,1234
1122878,1234
1122879,1234
1122880,1234
1122881,1234
1122882,1234
1122883,1234
1122884,1234
1122885,1234
1122886,1234
1122887,1234
1122888,1234
1122889,1234
1122890,1234
1122891,1234
1122892,1234
1122893,1234
1122894,1234
1122895,1234
1122896,1234
1122897,1234
1122898,1234
1122899,1234
1122900,1234
1122901,1234
1122902,1234
1122903,1234
1122904,1234
1122905,1234
1122906,1234
1122907,1234
1122908,1234
1122909,1234
1122910,1234
1122911,1234
1122912,1234
1122913,1234
1122914,1234
1122915,1234
1122916,1234
1122917,1234
1122918,1234
1122919,1234
1122920,1234
1122921,1234
1122922,1234
1122923,1234
1122924,1234
1122925,1234
1122926,1234
1122927,1234
1122928,1234
1122929,1234
1122930,1234
1122931,1234
1122932,1234
1122933,1234
1122934,1234
1122935,1234
1122936,1234
1122937,1234
1122938,1234
1122939,1234
1122940,1234
1122941,1234
1122942,1234
1122943,1234
1122944,1234
1122945,1234
1122946,1234
1122947,1234
1122948,1234
1122949,1234
1122950,1234
1122951,1234
1122952,1234
1122953,1234
1122954,1234
1122955,1234
1122956,1234
1122957,1234
1122958,1234
1122959,1234
1122960,1234
1122961,1234
1122962,1234
1122963,1234
1122964,1234
1122965,1234
1122966,1234
1122967,1234
1122968,1234
1122969,1234
1122970,1234
1122971,1234
1122972,1234
1122973,1234
1122974,1234
1122975,1234
1122976,1234
1122977,1234
1122978,1234
1122979,1234
1122980,1234
1122981,1234
1122982,1234
1122983,1234
1122984,1234
1122985,1234
1122986,1234
1122987,1234
1122988,1234
1122989,1234
1122990,1234
1122991,1234
1122992,1234
1122993,1234
1122994,1234
1122995,1234
1122996,1234
1122997,1234
1122998,1234
1122999,1234
1123000,1234
1123001,1234
1123002,1234
1123003,1234
1123004,1234
1123005,1234
1123006,1234
1123007,1234
1123008,1234
1123009,1234
1123010,1234
1123011,1234
1123012,1234
1123013,1234
1123014,1234
1123015,1234
1123016,1234
1123017,1234
1123018,1234
1123019,1234
1123020,1234
1123021,1234
1123022,1234
1123023,1234
1123024,1234
1123025,1234
1123026,1234
1123027,1234
1123028,1234
1123029,1234
1123030,1234
1123031,1234
1123032,1234
1123033,1234
1123034,1234
1123035,1234
1123036,1234
1123037,1234
1123038,1234
1123039,1234
1123040,1234
1123041,1234
1123042,1234
1123043,1234
1123044,1234
1123045,1234
1123046,1234
1123047,1234
1123048,1234
1123049,1234
1123050,1234
1123051,1234
1123052,1234
1123053,1234
1123054,1234
1123055,1234
1123056,1234
1123057,1234
1123058,1234
1123059,1234
1123060,1234
1123061,1234
1123062,1234
1123063,1234
1123064,1234
1123065,1234
1123066,1234
1123067,1234
1123068,1234
1123069,1234
1123070,1234
1123071,1234
1123072,1234
1123073,1234
1123074,1234
1123075,1234
1123076,1234
1123077,1234
1123078,1234
1123079,1234
1123080,1234
1123081,1234
1123082,1234
1123083,1234
1123084,1234
1123085,1234
1123086,1234
1123087,1234
1123088,1234
1123089,1234
1123090,1234
1123091,1234
1123092,1234
1123093,1234
1123094,1234
1123095,1234
1123096,1234
1123097,1234
1123098,1234
1123099,1234
1123100,1234
1123101,1234
1123102,1234
1123103,1234
1123104,1234
1123105,1234
1123106,1234
1123107,1234
1123108,1234
1123109,1234
1123110,1234
1123111,1234
1123112,1234
1123113,1234
1123114,1234
1123115,1234
1123116,1234
1123117,1234
1123118,1234
1123119,1234
1123120,1234
1123121,1234
1123122,1234
1123123,1234
1123124,1234
1123125,1234
1123126,1234
1123127,1234
1123128,1234
1123129,1234
1123130,1234
1123131,1234
1123132,1234
1123133,1234
1123134,1234
1123135,1234
1123136,1234
1123137,1234
1123138,1234
1123139,1234
1123140,1234
1123141,1234
1123142,1234
1123143,1234
1123144,1234
1123145,1234
1123146,1234
1123147,1234
1123148,1234
1123149,1234
1123150,1234
1123151,1234
1123152,1234
1123153,1234
1123154,1234
1123155,1234
1123156,1234
1123157,1234
1123158,1234
1123159,1234
1123160,1234
1123161,1234
1123162,1234
1123163,1234
1123164,1234
1123165,1234
1123166,1234
1123167,1234
1123168,1234
1123169,1234
1123170,1234
1123171,1234
1123172,1234
1123173,1234
1123174,1234
1123175,1234
1123176,1234
1123177,1234
1123178,1234
1123179,1234
1123180,1234
1123181,1234
1123182,1234
1123183,1234
1123184,1234
1123185,1234
1123186,1234
1123187,1234
1123188,1234
1123189,1234
1123190,1234
1123191,1234
1123192,1234
1123193,1234
1123194,1234
1123195,1234
1123196,1234
1123197,1234
1123198,1234
1123199,1234
1123200,1234
1123201,1234
1123202,1234
1123203,1234
1123204,1234
1123205,1234
1123206,1234
1123207,1234
1123208,1234
1123209,1234
1123210,1234
1123211,1234
1123212,1234
1123213,1234
1123214,1234
1123215,1234
1123216,1234
1123217,1234
1123218,1234
1123219,1234
1123220,1234
1123221,1234
1123222,1234
1123223,1234
1123224,1234
1123225,1234
1123226,1234
1123227,1234
1123228,1234
1123229,1234
1123230,1234
1123231,1234
1123232,1234
1123233,1234
1123234,1234
1123235,1234
1123236,1234
1123237,1234
1123238,1234
1123239,1234
1123240,1234
1123241,1234
1123242,1234
1123243,1234
1123244,1234
1123245,1234
1123246,1234
1123247,1234
1123248,1234
1123249,1234
1123250,1234
1123251,1234
1123252,1234
1123253,1234
1123254,1234
1123255,1234
1123256,1234
1123257,1234
1123258,1234
1123259,1234
1123260,1234
1123261,1234
1123262,1234
1123263,1234
1123264,1234
1123265,1234
1123266,1234
1123267,1234
1123268,1234
1123269,1234
1123270,1234
1123271,1234
1123272,1234
1123273,1234
1123274,1234
1123275,1234
1123276,1234
1123277,1234
1123278,1234
1123279,1234
1123280,1234
1123281,1234
1123282,1234
1123283,1234
1123284,1234
1123285,1234
1123286,1234
1123287,1234
1123288,1234
1123289,1234
1123290,1234
1123291,1234
1123292,1234
1123293,1234
1123294,1234
1123295,1234
1123296,1234
1123297,1234
1123298,1234
1123299,1234
1123300,1234
1123301,1234
1123302,1234
1123303,1234
1123304,1234
1123305,1234
1123306,1234
1123307,1234
1123308,1234
1123309,1234
1123310,1234
1123311,1234
1123312,1234
1123313,1234
1123314,1234
1123315,1234
1123316,1234
1123317,1234
1123318,1234
1123319,1234
1123320,1234
1123321,1234
1123322,1234
1123323,1234
1123324,1234
1123325,1234
1123326,1234
1123327,1234
1123328,1234
1123329,1234
1123330,1234
1123331,1234
1123332,1234
1123333,1234
1123334,1234
1123335,1234
1123336,1234
1123337,1234
1123338,1234
1123339,1234
1123340,1234
1123341,1234
1123342,1234
1123343,1234
1123344,1234
1123345,1234
1123346,1234
1123347,1234
1123348,1234
1123349,1234
1123350,1234
1123351,1234
1123352,1234
1123353,1234
1123354,1234
1123355,1234
1123356,1234
1123357,1234
1123358,1234
1123359,1234
1123360,1234
1123361,1234
1123362,1234
1123363,1234
1123364,1234
1123365,1234
1123366,1234
1123367,1234
1123368,1234
1123369,1234
1123370,1234
1123371,1234
1123372,1234
1123373,1234
1123374,1234
1123375,1234
1123376,1234
1123377,1234
1123378,1234
1123379,1234
1123380,1234
1123381,1234
1123382,1234
1123383,1234
1123384,1234
1123385,1234
1123386,1234
1123387,1234
1123388,1234
1123389,1234
1123390,1234
1123391,1234
1123392,1234
1123393,1234
1123394,1234
1123395,1234
1123396,1234
1123397,1234
1123398,1234
1123399,1234
1123400,1234
1123401,1234
1123402,1234
1123403,1234
1123404,1234
1123405,1234
1123406,1234
1123407,1234
1123408,1234
1123409,1234
1123410,1234
1123411,1234
1123412,1234
1123413,1234
1123414,1234
1123415,1234
1123416,1234
1123417,1234
1123418,1234
1123419,1234
1123420,1234
1123421,1234
1123422,1234
1123423,1234
1123424,1234
1123425,1234
1123426,1234
1123427,1234
1123428,1234
1123429,1234
1123430,1234
1123431,1234
1123432,1234
1123433,1234
1123434,1234
1123435,1234
1123436,1234
1123437,1234
1123438,1234
1123439,1234
1123440,1234
1123441,1234
1123442,1234
1123443,1234
1123444,1234
1123445,1234
1123446,1234
1123447,1234
1123448,1234
1123449,1234
1123450,1234
1123451,1234
1123452,1234
1123453,1234
1123454,1234
1123455,1234
1123456,1234
1123457,1234
1123458,1234
1123459,1234
1123460,1234
1123461,1234
1123462,1234
1123463,1234
1123464,1234
1123465,1234
1123466,1234
1123467,1234
1123468,1234
1123469,1234
1123470,1234
1123471,1234
1123472,1234
1123473,1234
1123474,1234
1123475,1234
1123476,1234
1123477,1234
1123478,1234
1123479,1234
1123480,1234
1123481,1234
1123482,1234
1123483,1234
1123484,1234
1123485,1234
1123486,1234
1123487,1234
1123488,1234
1123489,1234
1123490,1234
1123491,1234
1123492,1234
1123493,1234
1123494,1234
1123495,1234
1123496,1234
1123497,1234
1123498,1234
1123499,1234
1123500,1234
1123501,1234
1123502,1234
1123503,1234
1123504,1234
1123505,1234
1123506,1234
1123507,1234
1123508,1234
1123509,1234
1123510,1234
1123511,1234
1123512,1234
1123513,1234
1123514,1234
1123515,1234
1123516,1234
1123517,1234
1123518,1234
1123519,1234
1123520,1234
1123521,1234
1123522,1234
1123523,1234
1123524,1234
1123525,1234
1123526,1234
1123527,1234
1123528,1234
1123529,1234
1123530,1234
1123531,1234
1123532,1234
1123533,1234
1123534,1234
1123535,1234
1123536,1234
1123537,1234
1123538,1234
1123539,1234
1123540,1234
1123541,1234
1123542,1234
1123543,1234
1123544,1234
1123545,1234
1123546,1234
1123547,1234
1123548,1234
1123549,1234
1123550,1234
1123551,1234
1123552,1234
1123553,1234
1123554,1234
1123555,1234
1123556,1234
1123557,1234
1123558,1234
1123559,1234
1123560,1234
1123561,1234
1123562,1234
1123563,1234
1123564,1234
1123565,1234
1123566,1234
1123567,1234
1123568,1234
1123569,1234
1123570,1234
1123571,1234
1123572,1234
1123573,1234
1123574,1234
1123575,1234
1123576,1234
1123577,1234
1123578,1234
1123579,1234
1123580,1234
1123581,1234
1123582,1234
1123583,1234
1123584,1234
1123585,1234
1123586,1234
1123587,1234
1123588,1234
1123589,1234
1123590,1234
1123591,1234
1123592,1234
1123593,1234
1123594,1234
1123595,1234
1123596,1234
1123597,1234
1123598,1234
1123599,1234
1123600,1234
1123601,1234
1123602,1234
1123603,1234
1123604,1234
1123605,1234
1123606,1234
1123607,1234
1123608,1234
1123609,1234
1123610,1234
1123611,1234
1123612,1234
1123613,1234
1123614,1234
1123615,1234
1123616,1234
1123617,1234
1123618,1234
1123619,1234
1123620,1234
1123621,1234
1123622,1234
1123623,1234
1123624,1234
1123625,1234
1123626,1234
1123627,1234
1123628,1234
1123629,1234
1123630,1234
1123631,1234
1123632,1234
1123633,1234
1123634,1234
1123635,1234
1123636,1234
1123637,1234
1123638,1234
1123639,1234
1123640,1234
1123641,1234
1123642,1234
1123643,1234
1123644,1234
1123645,1234
1123646,1234
1123647,1234
1123648,1234
1123649,1234
1123650,1234
1123651,1234
1123652,1234
1123653,1234
1123654,1234
1123655,1234
1123656,1234
1123657,1234
1123658,1234
1123659,1234
1123660,1234
1123661,1234
1123662,1234
1123663,1234
1123664,1234
1123665,1234
1123666,1234
1123667,1234
1123668,1234
1123669,1234
1123670,1234
1123671,1234
1123672,1234
1123673,1234
1123674,1234
1123675,1234
1123676,1234
1123677,1234
1123678,1234
1123679,1234
1123680,1234
1123681,1234
1123682,1234
1123683,1234
1123684,1234
1123685,1234
1123686,1234
1123687,1234
1123688,1234
1123689,1234
1123690,1234
1123691,1234
1123692,1234
1123693,1234
1123694,1234
1123695,1234
1123696,1234
1123697,1234
1123698,1234
1123699,1234
1123700,1234
1123701,1234
1123702,1234
1123703,1234
1123704,1234
1123705,1234
1123706,1234
1123707,1234
1123708,1234
1123709,1234
1123710,1234
1123711,1234
1123712,1234
1123713,1234
1123714,1234
1123715,1234
1123716,1234
1123717,1234
1123718,1234
1123719,1234
1123720,1234
1123721,1234
1123722,1234
1123723,1234
1123724,1234
1123725,1234
1123726,1234
1123727,1234
1123728,1234
1123729,1234
1123730,1234
1123731,1234
1123732,1234
1123733,1234
1123734,1234
1123735,1234
1123736,1234
1123737,1234
1123738,1234
1123739,1234
1123740,1234
1123741,1234
1123742,1234
1123743,1234
1123744,1234
1123745,1234
1123746,1234
1123747,1234
1123748,1234
1123749,1234
1123750,1234
1123751,1234
1123752,1234
1123753,1234
1123754,1234
1123755,1234
1123756,1234
1123757,1234
1123758,1234
1123759,1234
1123760,1234
1123761,1234
1123762,1234
1123763,1234
1123764,1234
1123765,1234
1123766,1234
1123767,1234
1123768,1234
1123769,1234
1123770,1234
1123771,1234
1123772,1234
1123773,1234
1123774,1234
1123775,1234
1123776,1234
1123777,1234
1123778,1234
1123779,1234
1123780,1234
1123781,1234
1123782,1234
1123783,1234
1123784,1234
1123785,1234
1123786,1234
1123787,1234
1123788,1234
1123789,1234
1123790,1234
1123791,1234
1123792,1234
1123793,1234
1123794,1234
1123795,1234
1123796,1234
1123797,1234
1123798,1234
1123799,1234
1123800,1234
1123801,1234
1123802,1234
1123803,1234
1123804,1234
1123805,1234
1123806,1234
1123807,1234
1123808,1234
1123809,1234
1123810,1234
1123811,1234
1123812,1234
1123813,1234
1123814,1234
1123815,1234
1123816,1234
1123817,1234
1123818,1234
1123819,1234
1123820,1234
1123821,1234
1123822,1234
1123823,1234
1123824,1234
1123825,1234
1123826,1234
1123827,1234
1123828,1234
1123829,1234
1123830,1234
1123831,1234
1123832,1234
1123833,1234
1123834,1234
1123835,1234
1123836,1234
1123837,1234
1123838,1234
1123839,1234
1123840,1234
1123841,1234
1123842,1234
1123843,1234
1123844,1234
1123845,1234
1123846,1234
1123847,1234
1123848,1234
1123849,1234
1123850,1234
1123851,1234
1123852,1234
1123853,1234
1123854,1234
1123855,1234
1123856,1234
1123857,1234
1123858,1234
1123859,1234
1123860,1234
1123861,1234
1123862,1234
1123863,1234
1123864,1234
1123865,1234
1123866,1234
1123867,1234
1123868,1234
1123869,1234
1123870,1234
1123871,1234
1123872,1234
1123873,1234
1123874,1234
1123875,1234
1123876,1234
1123877,1234
1123878,1234
1123879,1234
1123880,1234
1123881,1234
1123882,1234
1123883,1234
1123884,1234
1123885,1234
1123886,1234
1123887,1234
1123888,1234
1123889,1234
1123890,1234
1123891,1234
1123892,1234
1123893,1234
1123894,1234
1123895,1234
1123896,1234
1123897,1234
1123898,1234
1123899,1234
1123900,1234
1123901,1234
1123902,1234
1123903,1234
1123904,1234
1123905,1234
1123906,1234
1123907,1234
1123908,1234
1123909,1234
1123910,1234
1123911,1234
1123912,1234
1123913,1234
1123914,1234
1123915,1234
1123916,1234
1123917,1234
1123918,1234
1123919,1234
1123920,1234
1123921,1234
1123922,1234
1123923,1234
1123924,1234
1123925,1234
1123926,1234
1123927,1234
1123928,1234
1123929,1234
1123930,1234
1123931,1234
1123932,1234
1123933,1234
1123934,1234
1123935,1234
1123936,1234
1123937,1234
1123938,1234
1123939,1234
1123940,1234
1123941,1234
1123942,1234
1123943,1234
1123944,1234
1123945,1234
1123946,1234
1123947,1234
1123948,1234
1123949,1234
1123950,1234
1123951,1234
1123952,1234
1123953,1234
1123954,1234
1123955,1234
1123956,1234
1123957,1234
1123958,1234
1123959,1234
1123960,1234
1123961,1234
1123962,1234
1123963,1234
1123964,1234
1123965,1234
1123966,1234
1123967,1234
1123968,1234
1123969,1234
1123970,1234
1123971,1234
1123972,1234
1123973,1234
1123974,1234
1123975,1234
1123976,1234
1123977,1234
1123978,1234
1123979,1234
1123980,1234
1123981,1234
1123982,1234
1123983,1234
1123984,1234
1123985,1234
1123986,1234
1123987,1234
1123988,1234
1123989,1234
1123990,1234
1123991,1234
1123992,1234
1123993,1234
1123994,1234
1123995,1234
1123996,1234
1123997,1234
1123998,1234
1123999,1234
1124000,1234
1124001,1234
1124002,1234
1124003,1234
1124004,1234
1124005,1234
1124006,1234
1124007,1234
1124008,1234
1124009,1234
1124010,1234
1124011,1234
1124012,1234
1124013,1234
1124014,1234
1124015,1234
1124016,1234
1124017,1234
1124018,1234
1124019,1234
1124020,1234
1124021,1234
1124022,1234
1124023,1234
1124024,1234
1124025,1234
1124026,1234
1124027,1234
1124028,1234
1124029,1234
1124030,1234
1124031,1234
1124032,1234
1124033,1234
1124034,1234
1124035,1234
1124036,1234
1124037,1234
1124038,1234
1124039,1234
1124040,1234
1124041,1234
1124042,1234
1124043,1234
1124044,1234
1124045,1234
1124046,1234
1124047,1234
1124048,1234
1124049,1234
1124050,1234
1124051,1234
1124052,1234
1124053,1234
1124054,1234
1124055,1234
1124056,1234
1124057,1234
1124058,1234
1124059,1234
1124060,1234
1124061,1234
1124062,1234
1124063,1234
1124064,1234
1124065,1234
1124066,1234
1124067,1234
1124068,1234
1124069,1234
1124070,1234
1124071,1234
1124072,1234
1124073,1234
1124074,1234
1124075,1234
1124076,1234
1124077,1234
1124078,1234
1124079,1234
1124080,1234
1124081,1234
1124082,1234
1124083,1234
1124084,1234
1124085,1234
1124086,1234
1124087,1234
1124088,1234
1124089,1234
1124090,1234
1124091,1234
1124092,1234
1124093,1234
1124094,1234
1124095,1234
1124096,1234
1124097,1234
1124098,1234
1124099,1234
1124100,1234
1124101,1234
1124102,1234
1124103,1234
1124104,1234
1124105,1234
1124106,1234
1124107,1234
1124108,1234
1124109,1234
1124110,1234
1124111,1234
1124112,1234
1124113,1234
1124114,1234
1124115,1234
1124116,1234
1124117,1234
1124118,1234
1124119,1234
1124120,1234
1124121,1234
1124122,1234
1124123,1234
1124124,1234
1124125,1234
1124126,1234
1124127,1234
1124128,1234
1124129,1234
1124130,1234
1124131,1234
1124132,1234
1124133,1234
1124134,1234
1124135,1234
1124136,1234
1124137,1234
1124138,1234
1124139,1234
1124140,1234
1124141,1234
1124142,1234
1124143,1234
1124144,1234
1124145,1234
1124146,1234
1124147,1234
1124148,1234
1124149,1234
1124150,1234
1124151,1234
1124152,1234
1124153,1234
1124154,1234
1124155,1234
1124156,1234
1124157,1234
1124158,1234
1124159,1234
1124160,1234
1124161,1234
1124162,1234
1124163,1234
1124164,1234
1124165,1234
1124166,1234
1124167,1234
1124168,1234
1124169,1234
1124170,1234
1124171,1234
1124172,1234
1124173,1234
1124174,1234
1124175,1234
1124176,1234
1124177,1234
1124178,1234
1124179,1234
1124180,1234
1124181,1234
1124182,1234
1124183,1234
1124184,1234
1124185,1234
1124186,1234
1124187,1234
1124188,1234
1124189,1234
1124190,1234
1124191,1234
1124192,1234
1124193,1234
1124194,1234
1124195,1234
1124196,1234
1124197,1234
1124198,1234
1124199,1234
1124200,1234
1124201,1234
1124202,1234
1124203,1234
1124204,1234
1124205,1234
1124206,1234
1124207,1234
1124208,1234
1124209,1234
1124210,1234
1124211,1234
1124212,1234
1124213,1234
1124214,1234
1124215,1234
1124216,1234
1124217,1234
1124218,1234
1124219,1234
1124220,1234
1124221,1234
1124222,1234
1124223,1234
1124224,1234
1124225,1234
1124226,1234
1124227,1234
1124228,1234
1124229,1234
1124230,1234
1124231,1234
1124232,1234
1124233,1234
1124234,1234
1124235,1234
1124236,1234
1124237,1234
1124238,1234
1124239,1234
1124240,1234
1124241,1234
1124242,1234
1124243,1234
1124244,1234
1124245,1234
1124246,1234
1124247,1234
1124248,1234
1124249,1234
1124250,1234
1124251,1234
1124252,1234
1124253,1234
1124254,1234
1124255,1234
1124256,1234
1124257,1234
1124258,1234
1124259,1234
1124260,1234
1124261,1234
1124262,1234
1124263,1234
1124264,1234
1124265,1234
1124266,1234
1124267,1234
1124268,1234
1124269,1234
1124270,1234
1124271,1234
1124272,1234
1124273,1234
1124274,1234
1124275,1234
1124276,1234
1124277,1234
1124278,1234
1124279,1234
1124280,1234
1124281,1234
1124282,1234
1124283,1234
1124284,1234
1124285,1234
1124286,1234
1124287,1234
1124288,1234
1124289,1234
1124290,1234
1124291,1234
1124292,1234
1124293,1234
1124294,1234
1124295,1234
1124296,1234
1124297,1234
1124298,1234
1124299,1234
1124300,1234
1124301,1234
1124302,1234
1124303,1234
1124304,1234
1124305,1234
1124306,1234
1124307,1234
1124308,1234
1124309,1234
1124310,1234
1124311,1234
1124312,1234
1124313,1234
1124314,1234
1124315,1234
1124316,1234
1124317,1234
1124318,1234
1124319,1234
1124320,1234
1124321,1234
1124322,1234
1124323,1234
1124324,1234
1124325,1234
1124326,1234
1124327,1234
1124328,1234
1124329,1234
1124330,1234
1124331,1234
1124332,1234
1124333,1234
1124334,1234
1124335,1234
1124336,1234
1124337,1234
1124338,1234
1124339,1234
1124340,1234
1124341,1234
1124342,1234
1124343,1234
1124344,1234
1124345,1234
1124346,1234
1124347,1234
1124348,1234
1124349,1234
1124350,1234
1124351,1234
1124352,1234
1124353,1234
1124354,1234
1124355,1234
1124356,1234
1124357,1234
1124358,1234
1124359,1234
1124360,1234
1124361,1234
1124362,1234
1124363,1234
1124364,1234
1124365,1234
1124366,1234
1124367,1234
1124368,1234
1124369,1234
1124370,1234
1124371,1234
1124372,1234
1124373,1234
1124374,1234
1124375,1234
1124376,1234
1124377,1234
1124378,1234
1124379,1234
1124380,1234
1124381,1234
1124382,1234
1124383,1234
1124384,1234
1124385,1234
1124386,1234
1124387,1234
1124388,1234
1124389,1234
1124390,1234
1124391,1234
1124392,1234
1124393,1234
1124394,1234
1124395,1234
1124396,1234
1124397,1234
1124398,1234
1124399,1234
1124400,1234
1124401,1234
1124402,1234
1124403,1234
1124404,1234
1124405,1234
1124406,1234
1124407,1234
1124408,1234
1124409,1234
1124410,1234
1124411,1234
1124412,1234
1124413,1234
1124414,1234
1124415,1234
1124416,1234
1124417,1234
1124418,1234
1124419,1234
1124420,1234
1124421,1234
1124422,1234
1124423,1234
1124424,1234
1124425,1234
1124426,1234
1124427,1234
1124428,1234
1124429,1234
1124430,1234
1124431,1234
1124432,1234
1124433,1234
1124434,1234
1124435,1234
1124436,1234
1124437,1234
1124438,1234
1124439,1234
1124440,1234
1124441,1234
1124442,1234
1124443,1234
1124444,1234
1124445,1234
1124446,1234
1124447,1234
1124448,1234
1124449,1234
1124450,1234
1124451,1234
1124452,1234
1124453,1234
1124454,1234
1124455,1234
1124456,1234
1124457,1234
1124458,1234
1124459,1234
1124460,1234
1124461,1234
1124462,1234
1124463,1234
1124464,1234
1124465,1234
1124466,1234
1124467,1234
1124468,1234
1124469,1234
1124470,1234
1124471,1234
1124472,1234
1124473,1234
1124474,1234
1124475,1234
1124476,1234
1124477,1234
1124478,1234
1124479,1234
1124480,1234
1124481,1234
1124482,1234
1124483,1234
1124484,1234
1124485,1234
1124486,1234
1124487,1234
1124488,1234
1124489,1234
1124490,1234
1124491,1234
1124492,1234
1124493,1234
1124494,1234
1124495,1234
1124496,1234
1124497,1234
1124498,1234
1124499,1234
1124500,1234
1124501,1234
1124502,1234
1124503,1234
1124504,1234
1124505,1234
1124506,1234
1124507,1234
1124508,1234
1124509,1234
1124510,1234
1124511,1234
1124512,1234
1124513,1234
1124514,1234
1124515,1234
1124516,1234
1124517,1234
1124518,1234
1124519,1234
1124520,1234
1124521,1234
1124522,1234
1124523,1234
1124524,1234
1124525,1234
1124526,1234
1124527,1234
1124528,1234
1124529,1234
1124530,1234
1124531,1234
1124532,1234
1124533,1234
1124534,1234
1124535,1234
1124536,1234
1124537,1234
1124538,1234
1124539,1234
1124540,1234
1124541,1234
1124542,1234
1124543,1234
1124544,1234
1124545,1234
1124546,1234
1124547,1234
1124548,1234
1124549,1234
1124550,1234
1124551,1234
1124552,1234
1124553,1234
1124554,1234
1124555,1234
1124556,1234
1124557,1234
1124558,1234
1124559,1234
1124560,1234
1124561,1234
1124562,1234
1124563,1234
1124564,1234
1124565,1234
1124566,1234
1124567,1234
1124568,1234
1124569,1234
1124570,1234
1124571,1234
1124572,1234
1124573,1234
1124574,1234
1124575,1234
1124576,1234
1124577,1234
1124578,1234
1124579,1234
1124580,1234
1124581,1234
1124582,1234
1124583,1234
1124584,1234
1124585,1234
1124586,1234
1124587,1234
1124588,1234
1124589,1234
1124590,1234
1124591,1234
1124592,1234
1124593,1234
1124594,1234
1124595,1234
1124596,1234
1124597,1234
1124598,1234
1124599,1234
1124600,1234
1124601,1234
1124602,1234
1124603,1234
1124604,1234
1124605,1234
1124606,1234
1124607,1234
1124608,1234
1124609,1234
1124610,1234
1124611,1234
1124612,1234
1124613,1234
1124614,1234
1124615,1234
1124616,1234
1124617,1234
1124618,1234
1124619,1234
1124620,1234
1124621,1234
1124622,1234
1124623,1234
1124624,1234
1124625,1234
1124626,1234
1124627,1234
1124628,1234
1124629,1234
1124630,1234
1124631,1234
1124632,1234
1124633,1234
1124634,1234
1124635,1234
1124636,1234
1124637,1234
1124638,1234
1124639,1234
1124640,1234
1124641,1234
1124642,1234
1124643,1234
1124644,1234
1124645,1234
1124646,1234
1124647,1234
1124648,1234
1124649,1234
1124650,1234
1124651,1234
1124652,1234
1124653,1234
1124654,1234
1124655,1234
1124656,1234
1124657,1234
1124658,1234
1124659,1234
1124660,1234
1124661,1234
1124662,1234
1124663,1234
1124664,1234
1124665,1234
1124666,1234
1124667,1234
1124668,1234
1124669,1234
1124670,1234
1124671,1234
1124672,1234
1124673,1234
1124674,1234
1124675,1234
1124676,1234
1124677,1234
1124678,1234
1124679,1234
1124680,1234
1124681,1234
1124682,1234
1124683,1234
1124684,1234
1124685,1234
1124686,1234
1124687,1234
1124688,1234
1124689,1234
1124690,1234
1124691,1234
1124692,1234
1124693,1234
1124694,1234
1124695,1234
1124696,1234
1124697,1234
1124698,1234
1124699,1234
1124700,1234
1124701,1234
1124702,1234
1124703,1234
1124704,1234
1124705,1234
1124706,1234
1124707,1234
1124708,1234
1124709,1234
1124710,1234
1124711,1234
1124712,1234
1124713,1234
1124714,1234
1124715,1234
1124716,1234
1124717,1234
1124718,1234
1124719,1234
1124720,1234
1124721,1234
1124722,1234
1124723,1234
1124724,1234
1124725,1234
1124726,1234
1124727,1234
1124728,1234
1124729,1234
1124730,1234
1124731,1234
1124732,1234
1124733,1234
1124734,1234
1124735,1234
1124736,1234
1124737,1234
1124738,1234
1124739,1234
1124740,1234
1124741,1234
1124742,1234
1124743,1234
1124744,1234
1124745,1234
1124746,1234
1124747,1234
1124748,1234
1124749,1234
1124750,1234
1124751,1234
1124752,1234
1124753,1234
1124754,1234
1124755,1234
1124756,1234
1124757,1234
1124758,1234
1124759,1234
1124760,1234
1124761,1234
1124762,1234
1124763,1234
1124764,1234
1124765,1234
1124766,1234
1124767,1234
1124768,1234
1124769,1234
1124770,1234
1124771,1234
1124772,1234
1124773,1234
1124774,1234
1124775,1234
1124776,1234
1124777,1234
1124778,1234
1124779,1234
1124780,1234
1124781,1234
1124782,1234
1124783,1234
1124784,1234
1124785,1234
1124786,1234
1124787,1234
1124788,1234
1124789,1234
1124790,1234
1124791,1234
1124792,1234
1124793,1234
1124794,1234
1124795,1234
1124796,1234
1124797,1234
1124798,1234
1124799,1234
1124800,1234
1124801,1234
1124802,1234
1124803,1234
1124804,1234
1124805,1234
1124806,1234
1124807,1234
1124808,1234
1124809,1234
1124810,1234
1124811,1234
1124812,1234
1124813,1234
1124814,1234
1124815,1234
1124816,1234
1124817,1234
1124818,1234
1124819,1234
1124820,1234
1124821,1234
1124822,1234
1124823,1234
1124824,1234
1124825,1234
1124826,1234
1124827,1234
1124828,1234
1124829,1234
1124830,1234
1124831,1234
1124832,1234
1124833,1234
1124834,1234
1124835,1234
1124836,1234
1124837,1234
1124838,1234
1124839,1234
1124840,1234
1124841,1234
1124842,1234
1124843,1234
1124844,1234
1124845,1234
1124846,1234
1124847,1234
1124848,1234
1124849,1234
1124850,1234
1124851,1234
1124852,1234
1124853,1234
1124854,1234
1124855,1234
1124856,1234
1124857,1234
1124858,1234
1124859,1234
1124860,1234
1124861,1234
1124862,1234
1124863,1234
1124864,1234
1124865,1234
1124866,1234
1124867,1234
1124868,1234
1124869,1234
1124870,1234
1124871,1234
1124872,1234
1124873,1234
1124874,1234
1124875,1234
1124876,1234
1124877,1234
1124878,1234
1124879,1234
1124880,1234
1124881,1234
1124882,1234
1124883,1234
1124884,1234
1124885,1234
1124886,1234
1124887,1234
1124888,1234
1124889,1234
1124890,1234
1124891,1234
1124892,1234
1124893,1234
1124894,1234
1124895,1234
1124896,1234
1124897,1234
1124898,1234
1124899,1234
1124900,1234
1124901,1234
1124902,1234
1124903,1234
1124904,1234
1124905,1234
1124906,1234
1124907,1234
1124908,1234
1124909,1234
1124910,1234
1124911,1234
1124912,1234
1124913,1234
1124914,1234
1124915,1234
1124916,1234
1124917,1234
1124918,1234
1124919,1234
1124920,1234
1124921,1234
1124922,1234
1124923,1234
1124924,1234
1124925,1234
1124926,1234
1124927,1234
1124928,1234
1124929,1234
1124930,1234
1124931,1234
1124932,1234
1124933,1234
1124934,1234
1124935,1234
1124936,1234
1124937,1234
1124938,1234
1124939,1234
1124940,1234
1124941,1234
1124942,1234
1124943,1234
1124944,1234
1124945,1234
1124946,1234
1124947,1234
1124948,1234
1124949,1234
1124950,1234
1124951,1234
1124952,1234
1124953,1234
1124954,1234
1124955,1234
1124956,1234
1124957,1234
1124958,1234
1124959,1234
1124960,1234
1124961,1234
1124962,1234
1124963,1234
1124964,1234
1124965,1234
1124966,1234
1124967,1234
1124968,1234
1124969,1234
1124970,1234
1124971,1234
1124972,1234
1124973,1234
1124974,1234
1124975,1234
1124976,1234
1124977,1234
1124978,1234
1124979,1234
1124980,1234
1124981,1234
1124982,1234
1124983,1234
1124984,1234
1124985,1234
1124986,1234
1124987,1234
1124988,1234
1124989,1234
1124990,1234
1124991,1234
1124992,1234
1124993,1234
1124994,1234
1124995,1234
1124996,1234
1124997,1234
1124998,1234
1124999,1234
1125000,1234
